<?xml version="1.0" encoding="UTF-8"?>
<testSuite name="ListEventPublisherPerformance" xmlns="http://www.sun.com/japex/testSuite">

    <param name="japex.classPath" value="target/classes"/>

    <!-- Run each test for 20 seconds -->
    <param name="japex.warmupTime" value="10"/>
    <param name="japex.runTime" value="10"/>

    <driver name="Graph Dependencies">
        <param name="japex.driverClass" value="com.publicobject.glazedlists.japex.DependenciesDriver"/>
        <param name="description" value="Graph Dependencies"/>
        <param name="GlazedLists.ListEventPublisher" value="graphdependencies"/>
    </driver>

    <driver name="Sequence Dependencies">
        <param name="japex.driverClass" value="com.publicobject.glazedlists.japex.DependenciesDriver"/>
        <param name="description" value="Sequence Dependencies"/>
        <param name="GlazedLists.ListEventPublisher" value="sequencedependencies"/>
    </driver>

    <testCase name="5+2 Typical Configuration: 5 transformations, 2 listeners">
        <param name="transformations" value="5"/>
        <param name="listeners" value="2"/>
    </testCase>

    <testCase name="100+100 Pathological Configuration: 100 transformations, 100 listeners">
        <param name="transformations" value="100"/>
        <param name="listeners" value="100"/>
    </testCase>

</testSuite>