<?xml version="1.0" encoding="UTF-8"?>
<testSuite name="ListEventAssemblerPerformance" xmlns="http://www.sun.com/japex/testSuite">

    <param name="japex.classPath" value="target/classes"/>

    <!-- Run each test for 20 seconds -->
    <param name="japex.warmupTime" value="10"/>
    <param name="japex.runTime" value="10"/>

    <driver name="List Event Blocks">
        <param name="japex.driverClass" value="com.publicobject.glazedlists.japex.DeltasDriver"/>
        <param name="description" value="List Event Blocks"/>
        <param name="GlazedLists.ListEventAssemblerDelegate" value="blockdeltas"/>
    </driver>

    <driver name="Barcode Deltas">
        <param name="japex.driverClass" value="com.publicobject.glazedlists.japex.DeltasDriver"/>
        <param name="description" value="Barcode Deltas"/>
        <param name="GlazedLists.ListEventAssemblerDelegate" value="barcodedeltas"/>
    </driver>

    <driver name="Tree Deltas">
        <param name="japex.driverClass" value="com.publicobject.glazedlists.japex.DeltasDriver"/>
        <param name="description" value="Tree Deltas"/>
        <param name="GlazedLists.ListEventAssemblerDelegate" value="treedeltas"/>
    </driver>

    <driver name="Tree 4 Deltas">
        <param name="japex.driverClass" value="com.publicobject.glazedlists.japex.DeltasDriver"/>
        <param name="description" value="Tree 4 Deltas"/>
        <param name="GlazedLists.ListEventAssemblerDelegate" value="tree4deltas"/>
    </driver>

    <testCase name="SortedList Event Performance: 20000 values, 5 distinct">
        <param name="distinctValues" value="A,B,C,D,E"/>
        <param name="baseSize" value="20000"/>
    </testCase>

    <testCase name="SortedList Event Performance: 20000 values, 10 distinct">
        <param name="distinctValues" value="A,B,C,D,E,F,G,H,I,J"/>
        <param name="baseSize" value="20000"/>
    </testCase>

    <testCase name="SortedList Event Performance: 20000 values, 20 distinct">
        <param name="distinctValues" value="A,B,C,D,E,F,G,H,I,J,K,L,M,N,O,P,Q,R,S,T"/>
        <param name="baseSize" value="20000"/>
    </testCase>

</testSuite>